Year,"Literacy rate, adult female (% of females ages 15 and above)","Literacy rate, adult male (% of males ages 15 and above)","Literacy rate, adult total (% of people ages 15 and above)","Literacy rate, youth (ages 15-24), gender parity index (GPI)","Literacy rate, youth female (% of females ages 15-24)","Literacy rate, youth male (% of males ages 15-24)","Literacy rate, youth total (% of people ages 15-24)"
1982.0,51.1368103027344,79.191780090332,65.5050888061523,0.862309992313385,82.0992202758789,95.2085418701172,88.7733383178711
1990.0,68.0720825195312,87.0249786376953,77.7850570678711,0.943059980869293,91.4546966552734,96.9769287109375,94.2814712524414
2000.0,86.5266036987305,95.1352462768555,90.9202117919922,0.993009984493256,98.5048599243164,99.1984634399414,98.8587265014648
2010.0,92.7112274169922,97.4794616699219,95.1244812011719,0.999029994010925,99.5930404663086,99.6896209716797,99.6422882080078
2020.0,95.0481491088867,98.3811721801758,96.7395172119141,1.00010001659393,99.7628707885742,99.7524795532227,99.7573318481445
