Year,"Literacy rate, adult female (% of females ages 15 and above)","Literacy rate, youth female (% of females ages 15-24)","Literacy rate, adult male (% of males ages 15 and above)","Literacy rate, youth (ages 15-24), gender parity index (GPI)","Literacy rate, adult total (% of people ages 15 and above)","Literacy rate, youth male (% of males ages 15-24)","Literacy rate, youth total (% of people ages 15-24)"
1981.0,9.15312004089355,14.966609954834,31.6727504730225,0.331880003213882,20.5736694335938,45.0961418151855,30.0384502410889
1991.0,17.3817901611328,32.6664390563965,49.2200202941895,0.478769987821579,32.9755897521973,68.2296295166016,49.6037216186523
2001.0,34.8867607116699,60.1437911987305,62.7080116271973,0.746050000190735,48.6089706420898,80.615966796875,70.0536193847656
2011.0,48.837589263916,80.2068328857422,71.708381652832,0.892340004444122,59.6272506713867,89.8840179443359,84.7571487426758
2021.0,63.3300018310547,93.25,80.9800033569336,0.980130016803741,71.1500015258789,95.1399993896484,94.1800003051758
